513000at8F,GCCAAACTGACCACCCTAAC
513000at8R,GCGAGATCACCCAAAACTTC
ChFvM191F,GTGCCAACAAGCCCATTG
ChFvM191R,CCAGCAGAATCCTCAAATGC
CO816743F,CAGAGCTACACAATGCCATCA
CO816743R,CTCCAAAGACTCCGAATTGC
CX661101F,TGGGTTTCTGTTTGTCTCCC
CX661101R,GGCCTAGTGGGTTACTGGGT
CX661492F,CCCCATAAAACATCACACATT
CX661492R,CCTCTTGCTTCTTGGAATGC
EMFvi075F,GGAGAGTTGAAAGACGATGACC
EMFvi075R,CACATCTCTGTCCTCTGCCTCT
FvA129F,GAAAGGAGTCTGTTTTGTGTCC
FvA129R,GTTTACTGGGCTCATCATACGC
512986ac8F,GGTACATGTCTTGGTGTCTTGG
512986ac8R,CTCCAAATTGGTCATTCAGAG
ChFvM192F,TTTCCGAGAGTGGAGA
ChFvM192R,TGAGGTCAGTCTGTGAGAATTG
FvC126F,CGTCAAGCAATGAAGCAC
FvC126R,GTTTCAGGCAGTTTTACAGCACC
512940ta15F,GACATGGGACATGGTTTTGC
512940ta15R,ATCCACTGATCGGAAAAGAA
512944ag16F,unknown
512944ag16R,unknown
513060ct15F,CAGTTGATGTGTTGCTGAGTCC
513060ct15R,AGTTTTTGTTTTCATCTTTTGG
513060ct19F,TCACCGGTTCCTTCTTTATAG
513060ct19R,TAATTTCTTGCAGGACGTTCG
CFaCT079F,caaaatacctaatcgccgtttc
CFaCT079R,cgagagtgatcgaatggtga
CFaCT087F,gcaatttcagcaatccctgt
CFaCT087R,tcaacttattcagcacgagca
CFaCT098F,tttgtatcggcccaaaagag
CFaCT098R,gtcgttttccactgctggat
512972ga9F,TCTCTCTCTCAATGCACAATGC
512972ga9R,TCTTGTTTTTCCCTCTCACTGC
513067ct19F,GCAAACACACACACCATCTAG
513067ct19R,TCTCTTCATTCCTGCTTCTTCC
CFaCT091F,ggcaaatgaaagttcaatctttgta
CFaCT091R,tgtcgtgtgttttagttcacaatg
CO816936F,TTCTCTCCGATCTTCTCCGA
CO816936R,CATCGACTGGCTTCTCCTTC
EMFn141F,CCTTCCTCGCCTCCTAGC
EMFn141R,AACTGCCACTGACTCAAAATACC
FvB104F,GGAGAGACTCATGGATGATG
FvB104R,GTTTAAGAGGAGAACATTTGATGGA
513145ag21F,CTGGTCCTCCTCAAGATTTGC
513145ag21R,CTGCTTCATTCGATCTTCACC
513149tc21F,GTCAACGGGACAGACTACTTCC
513149tc21R,GCTACTTTGCTCATGTCCTTG
ARSFL007F,GCGCGCATAAGGCAACAAAG
ARSFL007R,GCGAATGGCAATGACATCTTCTCT
ChFaM164,GCGCCAAGGATGGTCTTAAT
ChFaM164,CACTCAGCCAGATCCAGAGC
EMFv103F,CCCCAAAAGCACACCATATC
EMFv103R,AGCTTAGGCGGGAAGAGAAG
Fvi11(VIC)F,GCATCATCGTCATAATGAGTGC
Fvi11(VIC)R,GGCTTCATCTCTGCAATTCAA
