Forwardprimername,Forwardprimersequence
AW061432F,TGAGCTGAAGAAGGTGCTGA
CO378933F,CGAGGCTTGTCTCTGTGTTG
CO381075F,TCTGTCATTGCTCAACCTCG
CO381897F,AGAGGCTGAGGATCATGGTG
CO382056F,TCCTCCACGTCCTGAGTTTT
CO816689F,CCGACTTTTACTGAAATGGGT
CO816795F,ATTGAACAGCTCTGGCGAGT
CO817004F,CGTCAGCCCTAAGAAGATGG
CO817185bF,TCATCCACTGGGAAGAAAGG
CO817242F,AATCCCCAAATCCTCAAACC
CO817459F,AGTGACGAGGAAGGAGACGA
CO817499F,GAGATCAGGCAACAGTGCAA
CO817578F,GCAGCTAGCTTGAAGGATGG
CO817772F,TCACAACCGACGAGTTTCAG
CO817817F,CTCGTCAAGGTCAAAGCCTC
CO817850F,GTGTTGAGCAAGAATGGGGT
CO818118F,CATCTCCACAAATCCTCTCCA
CX661063F,AGAGCTTTGCGTTTTCCTCA
CX661741F,CCCCACAACAGTTAAACCAGA
CX661752F,ACCTGACCTGACCAAACCAG
CX661944F,TCAAATGCCTCTCTTCCACA
CX662060F,CGCAATTCTGAAAGCAATCAA
CX662065aF,ATGACCACAGCAACCTCTCC
CX662065bF,CATTCGCTCTCTCTCTCGCT
CX662078F,ACCCCTCCTCTTCCTTCAAA
CX662108F,GCCTCATTCCTATCTTCCCC
CX662180F,TTAGCCACCTTCTCCACCAC
CX662184F,ACGCTCTTCTTTCACTCCCA
F.v.A127F,TCTCCCTCATCCACAATCAAC
F.v.A2F,GTTCCATCACTTACAGACATCC
F.v.A5F,AAGGGAGAGAAGAGAGAAAGTG
F.v.B101F,TCAAGTCTCGACCAAAATAACT
F.v.B114F,AAACTGCCACTGCCTCAAC
F.v.B116F,CCTCCATCCCTAACTTTCC
F.v.B121F,CCCGATTTGATTTCTTCTTC
F.v.B122F,GGGCACCACACAAACAAA
F.v.B8F,GGTGAGTGGTATTTGCCTAAC
F.v.C102F,TGTTTGTTGGAATCAAGTCTG
F.v.C103F,TCCTCCAACTCCAACTTCTC
F.v.C111F,CCATTCTTCGCCCCTTAAC
F.v.C113F,CCCTCCTCTCTTTCTCTTTCC
F.v.C115F,TGGGCTTCGACTGCTATC
F.v.C121F,TGCTTTCTCTCGTAAACAAGG
F.v.C126F,CGTCAAGCAATGAAGCAC
F.v.C131F,GGGATAACCCAAATAACCTACC
F.v.D1F,CACCCCTACTTCTCTATTCCC
CO378708bF,GACGACGACGACTCAATCAA
CO380494F,CCGCTCCGAACGTATCTTAC
CO380995F,CATGTTTCTGCCATGTCACC
CO381539F,GTCTGCCCCTGTTACGCTAC
CO816806F,CGAGGGAGAAACCCTAACCT
CO816917F,AATCCTTGCCCGTCCTTACT
CO817089F,AAGAAGATCCAGCCCAACAA
CO817330F,GCTTCATGGCTTCGTTCTTC
CO817364F,GCCTTCCCCTTCTTCAAATC
CO817505F,TCCTGAAGCAACGATGACTG
CO817509F,TCACCGTCCTCCTTCTCAAC
CO818058F,CTGGACTAGCTCGCCAAAAC
CO818131F,CCTTCCTCCGAAACCCTACT
CX661047F,GTTTAAGCCTCCGTCGTTCA
CX661091F,AAGCCATGACTACCTCCACG
CX661274F,TATAACAACGTTGGGCCCTC
CX661507F,ATGAGCAGTCAGTCAACCCC
CX661843F,CTCCCATAGATGCCTCGAAC
CX661873F,TACTATAACGAAGCCGGCCA
CX661889F,GGAAGCTTGGAAATCATGGA
CX661893F,CGGGTTCTTCTACTTCGTCG
CX661897aF,TTAAACAATTGGAGGACCCG
CX662106F,CACCCGGTTTATCAGCCTTA
CX662153F,GAAACTCCCCCGAATTTACG
CX662207F,AGCAGCCGGTCAGATGATAG
CX662224F,TATTTTGGTTCCCCGTTTTG
F.v.A120F,TCTTTAAGTAAATCGCCTCAGA
F.v.A125F,ATCCAAGGGCTAAGAGAGG
F.v.A131F,AAAGGAAAGCAGGAAAAGGAC
F.v.A3aF,CGCACAAACATCTCACTG
F.v.A7F,CAGTGAAGACTTCCGCACTAG
F.v.B103F,ACAATGCGTTTGGGTATTAC
F.v.B110F,CTACCGCACCATAATTTAGAAG
F.v.B111F,TTAGGTTTTGCGAAGTTGAAG
F.v.B112F,GGCAACGAAGAGTAAGGC
F.v.B117F,GCCCATCTATCTCTGGAGG
F.v.B123F,GAAACACTTTTGCCCTTGTG
F.v.B131F,CAGAAATTGCAGAGAGACATG
F.v.B2F,TTGAGGCACTTGAAAAAAGAC
F.v.B4F,GTCCGGTCATTGTAGACACC
F.v.C109F,AGGGCGAGACTTGAAATATG
F.v.C118F,TTGTTCTTCCTGCCTCTTG
F.v.C120F,GCACCTAATGGGCTAATGTA
F.v.C122F,TCTTCATACCCATACCCACTAC
F.v.C125F,ACGAATGCCCAAAGTGTG
F.v.C128F,AGGGAATCTGGGAGTCTCAC
F.v.C12F,GGAGGACAGCGATAGAGATATG
F.v.C130F,AAGGGTGCTACAATCTTTCTCC
F.v.C3F,CCCAAATGGACCAACCAC
PSContig5362aF,TCCTTGGAATTCACCGTCTC
PSContig6115F,TGGTGTTGACTAGATGGGCA
CO379009F,TGTGATTGGGAGAGAGGAGG
CO379012F,CACGAGGATTGTTTGAACCC
CO379659F,AGGGGAGGCCTCACTTAGAG
CO380151F,CGAGGGTTTGATCGAGTCTG
CO380329F,TGTCTGCAGCCAATAACTCG
CO381174F,CCACAAGAAAGGAGACGAGC
CO381341F,ACCAACCAAGGCATTCACTC
CO381605F,CCACCCCTTTACCTTTCACA
CO382008F,GCCCTTGCTTAGTTGCTTTG
CO816733F,TCCCAACACCTCACTTGTCC
CO816840F,CAGCCTTGATGTCTCGTTGA
CO816936F,TTCTCTCCGATCTTCTCCGA
CO817054F,GGTGGCTACCCAAAAACAGA
CO817116F,ACCTGCTCACTCTTGGGTTG
CO817138F,TGAAAACTTTTGCTCTGGGC
CO817545F,TTGTTTCGCTTCCCAAAATC
CO817563F,GGGTTTCCAAGAAGACTCCC
CO817610F,CAAGCTTCACCAACGACTGA
CO817641F,GCCCAAGGCTGAGAAGAAG
CO817919F,CAGAATCCACCGGCTTACAT
CX661428bF,GAAGACGGTGGATGAGGTGT
CX661573F,AGGCTCACATGCTCACACTG
CX661746F,CGCTGACCCTGTTGTCACTA
CX661749F,TAGATTTTTCCCATTCCCCC
CX661761aF,CCACCACGAAGCTCTCTCTC
CX661866F,TTTTCTCAATGGAGGACATCG
CX661895aF,GTAGCCATGGAATCGTCCAC
CX662065F,ACAGAGAGCCAGAAACGGAA
CX662162F,TCACCACATGAAAAGTTGCC
CX662235F,CCTCTCTTCCCCACACTCAA
F.v.A119F,GCCCTTGATGACAGAAAAG
F.v.A122F,GAGATGTGAAAGTGGGAGATAC
F.v.A123F,GCAATGTTGTTACTGAAATGTG
F.v.A129F,GAAAGGAGTCTGTTTTGTGTCC
F.v.A12F,TATGCCTAGCCTCCCTCTC
F.v.A132aF,CCCTCTTCTCCACGAAACAG
F.v.A132F,CGACCGTGTCAGTGAGTC
F.v.A3F,CTTGGGACGACTAATGAAGTC
F.v.A6F,ACAATTCGGTGGACACTAGAC
F.v.A9F,GAGGTGCTCCTTGTGAATG
F.v.B104F,GGAGAGACTCATGGATGATG
F.v.B108F,GGTTGACATGAGTGCATATTC
F.v.B113F,TGACCCAGAAATGAAAGAAGG
F.v.B118F,ACCGTAGCCACAGTCACAC
F.v.B119F,ACCCATTGCCATCCCTACT
F.v.B120F,ATACCCTCATCTCTTGCTCTTG
F.v.B124F,AGACAAACAAGCAGCAATAGTG
F.v.B126F,GAGCATCGGCACTACACC
F.v.B127F,TTTCAAGGCAAATCCACTATC
F.v.B129F,GCGATGAAACAGTAGCAGC
F.v.B132F,AAGGCTCCCCCTGTTTAG
F.v.B1F,AGAGCAGAAGAAAACCATAGC
F.v.C105F,GGGTGGTCAAGTCTCCAG
F.v.C106F,AACGACGTAGTGTGCAGAGAC
F.v.C107F,GGCAAATTACATGATGAACCAG
F.v.C108F,TCCCGTGAACAGTGTCAG
F.v.C10F,CCTCCATGTCGATCCTCTTATC
F.v.C110F,CTGTTTCTTCCTCAGATTGTTC
F.v.C112F,GGTACGAATTGTGGGAATTG
F.v.C123F,TGACCACAAACCCACTAATC
F.v.C127F,CAAACCCCTTCGACATTTTACT
F.v.C132F,CGAGAAACAAAGCCCTACC
F.v.C5F,ACACCCCTATTTTCCTCTGA
F.v.D3F,CAGGATCGTTCTTGCTAGTG
F.v.D6F,ATGCTCATGCTCTCATTCTCAT
AW061432R,AAGGGAAACTGGAGGTAGCAA
CO378933R,CACGACCTTGACACCCTTCT
CO381075R,CTGGGAGGGAAGACAGACAA
CO381897R,GGCAAATACAATGCTAAACCA
CO382056R,TAAGGTGGAGGAGGATGGTG
CO816689R,GCCAGGAGAAAGCAGTGTTC
CO816795R,ATGTATACTCCCGCAGGTCG
CO817004R,ACGACCAATACAGACCAGGG
CO817185bR,CATCAATCATGCACACACGA
CO817242R,CTCCACGCTCTTCTTGTTCC
CO817459R,GCTCGTAGCCGTGTTTCTTC
CO817499R,GCAAAGCAGCTGTCTCACAC
CO817578R,GGCACTTTCAGCAACAACAA
CO817772R,TTTCTTCACTGCCCTGCTCT
CO817817R,ACGGTTTTAGCCTTCGGTTT
CO817850R,TAGTGCCCAGAATGAGGCTT
CO818118R,CGTGGCTAGAGTGCATGAGA
CX661063R,GTGTCCCACTATGTCGGCTT
CX661741R,GCTCGTAGCGGAGGTAGTCA
CX661752R,TGGGGATGAGGATGAGAGTC
CX661944R,GGACCCAGTTTATGGTGGTG
CX662060R,GATCTCGACACGGTCGTTTT
CX662065aR,GCGTGTTTGGGATTGAGACT
CX662065bR,AAGACCGGAAACCTCCTCTC
CX662078R,GAAACGTATCGGTTCTCGGA
CX662108R,CCAAGAAGCTCAGAGATCCG
CX662180R,TTGGGTTGGAATTTGGAGAG
CX662184R,GAGAGAGATGTGCGGAGAGG
F.v.A127R,GTTTACCGGAGTGAAACCCTAATTC
F.v.A2R,GTTTCCTGATTATGTGCCTTTATTC
F.v.A5R,GTTTACAACCTATCGGCTCATTAAC
F.v.B101R,GTTTCGTTGTCACTTCCATTAGAGG
F.v.B114R,GTTTCCAGGTTCGGGTCAT
F.v.B116R,GTTTGCTCTTTGTCTTCGTCAGC
F.v.B121R,GTTTCCTTTGGAGATGGTGGAG
F.v.B122R,GTTTGGGTGAACTCGAATGTTCG
F.v.B8R,GTTTCTTCATTACGGTGGAGTCTG
F.v.C102R,GTTTTTCTCCTCTATTAGCCGTCTC
F.v.C103R,GTTTCGAATCTATGTCCCCTATCG
F.v.C111R,GTTTCAAAACTGTCACTGCCTCAAA
F.v.C113R,GTTTGGCAGACAGATCCGAGA
F.v.C115R,GTTTGGCAGAGATGATGCTATATGG
F.v.C121R,GTTTATAGCCTCACAAGTCCAACAC
F.v.C126R,GTTTCAGGCAGTTTTACAGCACC
F.v.C131R,GTTTAGAGGAAGAGGAAGAGGAAGAG
F.v.D1R,GTTTCTGGATCTCAAGACGAGTGA
CO378708bR,AGTTCTCCATCAGCAAGCGT
CO380494R,CCTTCGGTGTCTCCATCTGT
CO380995R,CCATGTTATTGCCGTTTCCT
CO381539R,CTGTGTAGCTCCGGCACATA
CO816806R,GGACGATCCCTTGTAGTGGA
CO816917R,TTGTTCCTCCGTACCGATTC
CO817089R,CCGCTTGGATTTTGAACTGT
CO817330R,GTGGCATTCAGTTGGGCTAT
CO817364R,GTCCATTTTCCAGTGGTGCT
CO817505R,CACTTGCCGCAGAAGAAAA
CO817509R,CGAAGAGGAAATTGAGCCAG
CO818058R,ACGCATTCCGATACAACCTC
CO818131R,GGGCTCAGGTTATACGAGCA
CX661047R,CTCACGAGATTTGACAGCCA
CX661091R,ATGAAGCCGAAATCGAAATG
CX661274R,TACGCCAGCTCATACCACAG
CX661507R,CTTGAAATCGAGGTCGAAGC
CX661843R,TTGAACAGCGAGAAGTGGTG
CX661873R,AACCTGAAACCGGGAGAGTT
CX661889R,CTCTGCGAGAAACCACACAA
CX661893R,GCCCAAAGACAGGCCTAGAT
CX661897aR,TCGCAGGGGATTTAATTTTG
CX662106R,CGTACCCATAACCGGGCT
CX662153R,TCTCGGGTGAGCTGAGAAAT
CX662207R,ATCACGGTCAAAGCCAACTC
CX662224R,GAGGTGGCAATGCAGACAC
F.v.A120R,GTTTACGTAGGCAAACATAGACAAAG
F.v.A125R,GTTTCAGAAATACCCACCAAAGTTC
F.v.A131R,GTTTCCAGTCACGACGTTGTAAAAC
F.v.A3aR,GTTTCCACATGGACAAACCAGT
F.v.A7R,GTTTGCATATCGTCATTATGTGC
F.v.B103R,GTTTGGTATGGCTTGAGAAGATC
F.v.B110R,GTTTCATCCAAATGAACCTATTCAAG
F.v.B111R,GTTTAGGAGAACCGCGCTAGTG
F.v.B112R,GTTTCAACCATAATACCCTCATTTTC
F.v.B117R,GTTTTCTGGCATACTTTGCTTGTG
F.v.B123R,GTTTGGTTTACTGGGGGTCAG
F.v.B131R,GTTTATGATTGCGGTAGTTCTTCTC
F.v.B2R,GTTTAAGGGAGGTGGAAAGGTG
F.v.B4R,GTTTAGGTGGAGGAACTGGTG
F.v.C109R,GTTTAAGCCTTACCTGGAAATTACC
F.v.C118R,GTTTCCGGTTGTATGATCCAGTG
F.v.C120R,GTTTCAAGGTAAATGAACATCTTCC
F.v.C122R,GTTTCCAGACACCCATCTAATTCTAC
F.v.C125R,GTTTGCTGAACTACGCTAAAGATTGC
F.v.C128R,GTTTCTCGCATCTTCTTCACCTTC
F.v.C12R,GTTTGGGTCCATTTCTGTTTAACAAC
F.v.C130R,GTTTATTTCCAACGTATCCATACTGC
F.v.C3R,GTTTGGCTCATCAGAAGGAAGAGC
PSContig5362aR,CGGCGAATCGATTTACAGAT
PSContig6115R,TCAATGACTTGGACAACCACA
CO379009R,CTGCCCCAAACTTGGTTTTA
CO379012R,ACCAACACACAAAGCTGCTG
CO379659R,TATCCATGAGATCCCAGCCT
CO380151R,AACATGATCACAAGGCCACA
CO380329R,CAAACACACATGAAACGGCT
CO381174R,TCAGGAGCATGAATCAATCG
CO381341R,TGTTGACGAGATTGGGATCA
CO381605R,CAATTCCGAAGGCACAACTT
CO382008R,ATGCATGGCTATGGCTTGTT
CO816733R,ATTCAGCCAGGTCTGAGCAT
CO816840R,CCATGACATCCTCTGCCTTT
CO816936R,CATCGACTGGCTTCTCCTTC
CO817054R,CTGGAGGAGCCAAGTTTGAG
CO817116R,CCTACTTTTCGGCAGAGTGC
CO817138R,TCAGGCCATGAAACACTCTG
CO817545R,GTCGAACTTACGGAGCTTGC
CO817563R,GGAGTAGCGGTTGTCGTTGT
CO817610R,TGCAGAGTGATTTGGAGCAG
CO817641R,CTTGCTGGAGATCCCAATGT
CO817919R,CGCTAGCTTTTCTGCTCGAT
CX661428bR,CTGCTGAAACCCGAATCCTA
CX661573R,GAATTCGGAGAAGAAAGGGC
CX661746R,TTCAACCGGTTTCTCCTTTG
CX661749R,ATCTGACCCAACAAAACCCA
CX661761aR,GGGACTCTCTGAAATGCCAA
CX661866R,CATCACCTGTGAGAGCCAGA
CX661895aR,ACTGCGAGCAAGTGTCTTGA
CX662065R,AGCGAGAGAGAGAGCGAATG
CX662162R,ATAGAAAGAGCGGCACGAAA
CX662235R,GTAGCTCTTTCCGAACGTGG
F.v.A119R,GTTTCCCTTCGTTGGAGATAATG
F.v.A122R,GTTTCCGACCCGCTTCTATTAC
F.v.A123R,GTTTAGCATCTCTTAGTGCCTCATC
F.v.A129R,GTTTACTGGGCTCATCATACGC
F.v.A12R,GTTTCTGGAACTCTGCTCATACTTG
F.v.A132aR,GTTTCAGACATGGGGATTGGACTAA
F.v.A132R,GTTTCCTGTTTCGTGGAGAAGAG
F.v.A3R,GTTTCAAGAACACATGGACAAACAG
F.v.A6R,GTTTGTGCCAAAGTTAATGTGCTTT
F.v.A9R,GTTTAACCCATCAACCAGTTTGG
F.v.B104R,GTTTAAGAGGAGAACATTTGATGGA
F.v.B108R,GTTTGAAGGTATAGGAGTGCAAAGTG
F.v.B113R,GTTTAGAAAGAACCTGCTGCTTGAG
F.v.B118R,GTTTAGACCTTTGCCTATGATGATG
F.v.B119R,GTTTCCACCTGAACAACCACCAC
F.v.B120R,GTTTGATTCTTCATGTGATCGTCTGA
F.v.B124R,GTTTAGAAAGGGAAGTGCCTAAGTG
F.v.B126R,GTTTCATGGCTGGCTTCAGATC
F.v.B127R,GTTTGCATCGGAAGCATCAAGT
F.v.B129R,GTTTGAAGAAGGGGGGAAGAATC
F.v.B132R,GTTTGAACCTGTAGGCTGTGTAGAAA
F.v.B1R,GTTTCCTCCCTGGAAATAGATACAC
F.v.C105R,GTTTACTCCGATTACTGTTTTCCAG
F.v.C106R,GTTTCGTTAAAGTCCATGTCAGCAC
F.v.C107R,GTTTGAATGGAGTCCTTGGAGAACTC
F.v.C108R,GTTTAGCAAAGAGGTAGAGAACGAG
F.v.C10R,GTTTGCCAATTCCGATTATTCTTGAG
F.v.C110R,GTTTGTCATTGTAACTGCTGTGTG
F.v.C112R,GTTTCGGCCTGATTGTATTATCTG
F.v.C123R,GTTTCAAACACCGAGACTTCTGAG
F.v.C127R,GTTTGGATTCTGTTGGTACGTGAATG
F.v.C132R,GTTTAGCGAAATAGCAGAGAGAGTG
F.v.C5R,GTTTATGGGGATTTGAAGATGG
F.v.D3R,GTTTCTGTTTTCTGGGGTTTGAATA
F.v.D6R,GTTTGTAGGCCCAAATTGTTTCTGAC
ChFaM120,GGTTTCATCAGAGGGCGTCTT
ChFaM098,GTGAGAGTCAGCCCACCCTA
ChFaM164,GCGCCAAGGATGGTCTTAAT
ChFaM104,CAGTCATTTTTGGCTTCACC
ChFaM100,TTGGAACCCAGAAAATCGAA
ChFaM148,CCCTCCATCAAAGCCAGTT
ChFaM196,AGCGCATGAGTCTGCTGTTA
ChFaM003,CCTCCCCAACTGATTCTTCA
ChFaM018,AGCCGCATCCCTCTTTTCTA
ChFaM041,CCACACGAAGGAGAAGGAGA
ChFaM061,GTGCTCAAGAAACCCTTTCG
ChFaM101,GGAGTAAGCTGATCACTCTGT
ChFaM106,ACCAACCGAGGCGAGAGAG
ChFaM161,CGAGGCCTTGTCTTCTTTGT
ChFaM194,CCCATCCCACAGTTGTTCTC
ChFaM047,TCATTTCTCTCTCCCCTCGAT
ChFaM066,ATTTTGGCCACGAAGAATTG
ChFaM095,GCCAGAAGCAAAAACCAGAA
ChFaM105,CCTCCAAACACAATCCACCA
ChFaM111,GCCCAACCGAGTCTCTCTCT
ChFaM112,TTCAAGCTTTTCTTCTTCCTCTC
ChFaM129,AGATCAACATCGCCTCCAAC
ChFaM009,TCCAAGTTCCAGAGCTCCTT
ChFaM040,AGTGGTCATCAGCACCATCA
ChFaM065,GACCGGGAGAGATAACAGCA
ChFaM079,TCGAGTTCTACGCTTGCTGA
ChFaM092,ACCCAAGTTCCCTTCGACTC
ChFaM097,GCCAAAGGTTGGTTCTTTGA
ChFaM108,CATGGAAAGAGAGCGAAAGC
ChFaM145,CCACCGAAGAACCAAAAGAA
ChFaM159,TCTCTCTCATCGCCCCAGAG
ChFaM163,TTCGGGTCTTGTATTGCTTTGA
ChFaM214,TGATATTGAGCAACGGGTGA
ChFaM026,TCGTCTCTCGTTTCTCTAAAAGC
ChFaM032,GGTCCCTGCTTCTTCTTCTTT
ChFaM037,ACGACGATCACCACAAGGAC
ChFaM044,CGCTGAGTCGTTCTAATTTCA
ChFaM046,CCATTTCCATGGCCTTGTTT
ChFaM064,CACCAACTTCGACAACCTCA
ChFaM085,AGATGGGTCATTTTCTGACGA
ChFaM088,GGTGGCAAAACTCATGGAGA
ChFaM094,ATGGAGGGCGCTACTGAAAA
ChFaM107,TGCCAAACAAACAAATGTTGA
ChFaM109,AAGCTGCTTGCGAAGAACAA
ChFaM122,GACTCACAGTCTCTCCCAGTGT
ChFaM126,GTTAGGGAGTCCGGGAATGA
ChFaM130,GCCAGTCACAAGAAGCCAAA
ChFaM160,CCACTCCCCAAAAGAGCACA
ChFaM174,CTCCGGCATTGAAATCGAGA
ChFaM178,AGCTGTGCAGGGGTTTATGT
ChFaM203,TGAGTATGACCAATCCGAAAGA
ChFaM031,GCTAGCAAAGCCCTAAGCAA
ChFaM035,AACCCACTTCCACAGGTGAC
ChFaM036,GCAGCCTCAAGAAGTGAAGG
ChFaM060,TGAGCTACCACCAAGAACCC
ChFaM062,GGTTTCGCTTGGAGGATATG
ChFaM067,AGAACCAGCAAGAGCAGCAC
ChFaM072,TGGCAGAAATTTCCAAAAGG
ChFaM077,GAAAGGGCTGGACATGGATA
ChFaM080,TTCGGTGCCGGTAAAGATAC
ChFaM103,CATCTCTTCTCCTTTCCGATCT
ChFaM141,AAAAGAAGGGAAAAGAAATTGG
ChFaM142,TGCTCAGCTGCTTCTTGCTC
ChFaM151,ACCACCACCGTTTTCTCCTC
ChFaM177,CACTCACAAGGCATGAGAGCTA
ChFaM208,TCGGTGAGATTGTTGGATTT
ChFaM209,ATCATTCCCAAGCCACTGTC
ChFaM010,TATCGCCTGCAATTCATCTG
ChFaM017,CTCACTCTCTGCGAACTTGC
ChFaM022,GGGCCACTCCTACTTCTTCA
ChFaM033,CACAAATCCACACACAGCAG
ChFaM039,GTGGTTTTTGTTGGGCAAAG
ChFaM056,AAAACGTCGTCGTTCAGGAT
ChFaM058,GACCCAAACACACCCTGAAC
ChFaM068,CATCTCCAGTTCCTTGGCTC
ChFaM076,GCCTCCATGGAAAACCTAAA
ChFaM086,TTTGGAGCTCAATCCCATCTG
ChFaM114,TGTGGTGCCTTGGTTTACAA
ChFaM115,CCTCGGCTTCTTCATCTTTG
ChFaM117,CCAAGGCGATTCTATCTTGC
ChFaM146,ACGAGGGAAGAATGGAGCAC
ChFaM147,ACGAGGGTCACCTGAGACTG
ChFaM011,TCCTCTCCTTCTTTCCCTTCA
ChFaM030,CCATGAAGCAGTGAAGTCCA
ChFaM063,GACGTCTCCGATCCGTTGAT
ChFaM078,CAGCCTCATTGCAAATCTGA
ChFaM083,TTTTCTGGCTTTTGGATTGG
ChFaM093,CGCCCTCAAATCCCTCTAAC
ChFaM110,TTTTCCTTTGGTGGTTTTGG
ChFaM138,GGCAGTAACCTCCAGAACTCTAA
ChFaM170,TACTTGGTTCCGGCAACACT
ChFaM195,GCATTGGTTCTCTTTTCAGGA
ChFaM069,AGACCCTTTGGGAGCTTGAT
ChFaM070,AGCATTGAATTCCCAGTTTTG
ChFaM074,GGTGAGGATGGACTGAAGGA
ChFaM081,AACTGAGCTCTCGGCAAGTC
ChFaM082,AGTACGGCAATTGAAGCTCG
ChFaM089,GAAGGATGGTTGCACACAGG
ChFaM091,CATTGTTTGCTGCTCCCAAG
ChFaM144,CACGTCTTGGCTTCCTCTTC
ChFaM120,TAAAGCTCCCAGCAGGCATT
ChFaM098,GCGACGAGGATGAAGAAGAG
ChFaM164,CACTCAGCCAGATCCAGAGC
ChFaM104,TTGGTCTGTTCCTTTCCTTG
ChFaM100,CAGCGGAGAGAGAAACAAGG
ChFaM148,CATTAGACCCCGACTTGTCA
ChFaM196,CCTCTCACCTCTTTCTCTCTAAAA
ChFaM003,CAGCTCGAAAACACCAAACA
ChFaM018,CTAGGGATTGAGGACCGACA
ChFaM041,AACGTGTCATTCGACCACAA
ChFaM061,GCGCTAGCAACAGTAAGGTG
ChFaM101,ACTCCGAGGCTGTAATCCCT
ChFaM106,CGTCATCTGCACCTGCTTC
ChFaM161,GCGGAGGTAGCTGTTGTAGC
ChFaM194,CCCTTCCTTGCCAGTCATTT
ChFaM047,GATGTGATTTACGGCGAAGG
ChFaM066,CGATGTCAGGAACGAACTGA
ChFaM095,GGGAAGTTGAAATTGTCGGA
ChFaM105,TCTGAGGTTTATGCGGGACT
ChFaM111,CGGGCTTCAATTTGCTCAAT
ChFaM112,CATCTTCACCTGACCCCTCT
ChFaM129,TGCTCGTTGTCCATAACCTG
ChFaM009,CGTCGAGCTCAGACATGAAA
ChFaM040,TAACCGGGAACGGTACTCTG
ChFaM065,ATAGAAGCCAATGCGTGATG
ChFaM079,CCGTGCAATCAAATCACACT
ChFaM092,ATGCGCTTTGCATAACAGGT
ChFaM097,GCCATTTTGGAAGAGGTGAA
ChFaM108,CGAGGAATGAGGGAGGAATC
ChFaM145,AACTGGTGCAACTGGAGCTT
ChFaM159,ACCCATCCACAGGGTTCTTG
ChFaM163,TTCAATTCCGAAGGCACAAC
ChFaM214,CTCACCACAACTGCAACACC
ChFaM026,ATCAAGTGCTCGTCCACGTA
ChFaM032,TTCAGCCCCATTTTCCAGTA
ChFaM037,AAGCTCCGTCGTTTCCTCTT
ChFaM044,TTTTGTTGACGAGCGAGATG
ChFaM046,GGCCTTGTTGGGTCTGAGAG
ChFaM064,GACTCTTCTTTGGCGAGCTG
ChFaM085,GTAGTGCATGTCCGCCACTT
ChFaM088,GGGAAGCGAAGTTGAAGAGG
ChFaM094,AATGGCGAGCTTGGACTTTC
ChFaM107,CATATCGATGTCCTTCATAGGG
ChFaM109,GGCTGATGCCAGTCCATTTA
ChFaM122,TGATATTGAGCAACGGGTGA
ChFaM126,TTCCAATCCCATCTGACGAC
ChFaM130,TGCTCTGAAACCCCTTTATCTG
ChFaM160,CTGCCTCCACAATCCTCACC
ChFaM174,GAGGGAGATGGCACGGAGAT
ChFaM178,AAACGAAGAAAGGAAGTCTTCAA
ChFaM203,CGAGGGTCACGGCTACTAAA
ChFaM031,ACGGTGGGCACACTTAAAGA
ChFaM035,AGGAAAAAGAGGGCTTGGAG
ChFaM036,CCATCTTGATATCACAGGCATAA
ChFaM060,AATACCCTTGGTACCCCTCG
ChFaM062,CACCAAATCTCTGATCACAAAAA
ChFaM067,CAGCTCTGTGTATGCCTGGA
ChFaM072,CTCCCCCAGAAGTCCAGATT
ChFaM077,ATGTTGTTATTTGGCCTGCT
ChFaM080,AAGTTCCACCACCATGCAAT
ChFaM103,GAGCACAATGCGGTTGTAGA
ChFaM141,ACTCAAGCTCGCAAAGAAGC
ChFaM142,CAGCCATTGGTGACATGCTT
ChFaM151,ACCACCGACTCGTCCTTCTT
ChFaM177,CCTGCAGAGTGCAAGAGAGA
ChFaM208,TTTCTCTCTTCTCTCTCTCTCACTG
ChFaM209,CCCCCAAAACCCTCTATTCT
ChFaM010,GCTGGCTCTGTGGAGTGAGT
ChFaM017,CAACTCACCTTGCACCGATT
ChFaM022,TTGGCCTTGAGAGCTTCGAT
ChFaM033,CCCAGGAAGGTAACCACAAA
ChFaM039,AACGGCTTATCATCCTGCAT
ChFaM056,CGTACTGCTGTTGCTGCTGT
ChFaM058,CTCCCCATTCTGGGAAATCT
ChFaM068,ACGACCATTCCTCTTCCTCA
ChFaM076,CTCGGCAGCTCCACTATCTC
ChFaM086,ATTTGGCCAGCCTCCGTCT
ChFaM114,CGCCTCTCTCCTCTCTAATCC
ChFaM115,ACCACACTGACAGGACGATG
ChFaM117,GAGGAGTCTGGTGTCGAAGC
ChFaM146,AGATGGTCCTGACTGGATGG
ChFaM147,CCAGGAGAAGGTACCGAAGG
ChFaM011,ATCGACCAAATTCCACCAAA
ChFaM030,AGAAAATCCCGAGAGCCTTT
ChFaM063,CTGGCTCGCGTACGACTTTC
ChFaM078,CTTACCGGTTTCGATGTGGT
ChFaM083,GCACTTTTTCATCACAGGCA
ChFaM093,GAAGTGAGTGTTCCGCTGCT
ChFaM110,CCAGAGAAAGCCATTTAGGC
ChFaM138,TCGCATTTCCAGCCTTATCT
ChFaM170,CGGGAGAAAATGAAAAAGGA
ChFaM195,CAAGCTGAAGAAGGGTTGTG
ChFaM069,TTCGCAGGCAATTCCTAACT
ChFaM070,CCTTGCAGCAGGAACTAAGG
ChFaM074,TGAACCAATCCTTTCCAGGT
ChFaM081,GAATACTCGCGGAGGAAGTG
ChFaM082,GATCTCGGTTGAAGATCGGA
ChFaM089,GAGAGGTTGGGATGGGAGAT
ChFaM091,TTCCTAATTGCTCCCTGCAA
ChFaM144,CGGAGCAGATTTTCTTGGAG
CFaCD9563F,gtgctgaggtggctcattg
CFaCD9563R,tgcatcatcaaatggaaaattg
CFaCT071F,actaggaagatgcggtgtgg
CFaCT071R,tggtacgatccaagctaccc
CFaCT079F,caaaatacctaatcgccgtttc
CFaCT079R,cgagagtgatcgaatggtga
CFaCT080F,gaagacaacatcatctgcaacc
CFaCT080R,tttcttgctgaaatcaaggtga
CFaCT084F,aaaactaggcggtgttgcag
CFaCT084R,gaacagatccaccgagcagt
CFaCT085F,ttgaagaactcagagatgtcaagc
CFaCT085R,ggatgaacagagagtccggta
CFaCT087F,gcaatttcagcaatccctgt
CFaCT087R,tcaacttattcagcacgagca
CFaCT088F,aaacgaaaacgagtcgggta
CFaCT088R,cgtgcagatagacgtttgct
CFaCT089F,caaaacccaattagctttgct
CFaCT089R,gcaactggtttgctgtgttg
CFaCT091F,ggcaaatgaaagttcaatctttgta
CFaCT091R,tgtcgtgtgttttagttcacaatg
CFaCT095F,agttggcctttgcggtagat
CFaCT095R,tcaccatttcaacctgatttga
CFaCT098F,tttgtatcggcccaaaagag
CFaCT098R,gtcgttttccactgctggat
CFaCT099F,cattgtcaaggccaattcct
CFaCT099R,tacagagccacaggcatcag
CFaCT100F,ctcccatgatcgactctgct
CFaCT100R,gtttcccacctcgagcatt
CFaCT103F,tctgactgaaacaacaaacctg
CFaCT103R,atcgcctctcattgcttcat
CFaCT104F,cgaaatttcacagactgcaca
CFaCT104R,aagctcactccgtttatgctg
CFaCT107F,ttttgtttggagtcatttttgtg
CFaCT107R,ggcagaaactcaggcaactaa
CFaCT108F,tacacaccccaactgagcaa
CFaCT108R,tttgtggggatgttgttgaa
CFaCT109F,gtatatactcttaattatcacgc
CFaCT109R,agctttctgacgatctgatc
CFaCT110F,atggagaagttgcgtttgg
CFaCT110R,cgttccagacaaaagaagca
CFaCT111F,tcagatttgcttgtctggctta
CFaCT111R,atggccactgctgtcatttt
CFaCT152F,aacaacagctctcgcatatt
CFaCT152R,gaaccatccagactatctcc
CFaCT157F,ctgcatacatgagaaacaa
CFaCT157R,tagatggagaaagaagagtg
CFaCT159F,ctcttccttcttcttctccag
CFaCT159R,gagagagtgcccatgaaac
CFaCT168F,aagcagatgatttatttttgg
CFaCT168R,tgcaaacagaggcaacat
CFaUC0110F,caaatcctgttcctgccagt
CFaUC0110R,ccggtcactagaaccgaaag
CFaUC5057F,cattgcccacctcgtaactt
CFaUC5057R,tgcaatcttgcatgtagcataa
CFaUC9024F,gccggtgagagaaaagagag
CFaUC9024R,actttaaccgccaccaactg
CFaUC9025F,acactgcgttttgtgtgctc
CFaUC9025R,caggccgtaatccatttctt
